ym,TOPIX,KYTB,TKYD,KNSD
3-Sep,1018.8,2960,2390,1908
3-Oct,1043.36,2905,2345,1900
3-Nov,999.75,2945,2270,1834
3-Dec,1043.69,3020,2350,1878
4-Jan,1047.51,2710,2400,1958
4-Feb,1082.47,2775,2400,1980
4-Mar,1179.23,3200,2355,1969
4-Apr,1186.31,3575,2365,1931
4-May,1139.94,3645,2410,1945
4-Jun,1189.6,3840,2475,1989
4-Jul,1139.3,3550,2525,2030
4-Aug,1129.55,3610,2525,2010
4-Sep,1102.11,3575,2370,1943
4-Oct,1085.43,3900,2400,1988
4-Nov,1098.79,4315,2460,2000
4-Dec,1149.63,4550,2515,2080
5-Jan,1146.14,4470,2470,2010
5-Feb,1177.41,4445,2560,2085
5-Mar,1182.18,4625,2600,2150
5-Apr,1129.93,4425,2520,2110
5-May,1144.33,4570,2545,2110
5-Jun,1177.2,4715,2645,2230
5-Jul,1204.98,4640,2690,2370
5-Aug,1271.29,4880,2720,2355
5-Sep,1412.28,5680,2870,2505
5-Oct,1444.73,6405,2885,2555
5-Nov,1536.21,6625,2880,2550
5-Dec,1649.76,7125,2865,2535
6-Jan,1710.77,7005,2950,2635
6-Feb,1660.42,6830,3140,2705
6-Mar,1728.16,7100,2935,2615
6-Apr,1716.43,6595,2925,2665
6-May,1579.94,5780,3080,2675
6-Jun,1586.96,6175,3160,2560
6-Jul,1572.01,5920,3080,2640
6-Aug,1634.46,6105,3350,2815
6-Sep,1610.73,5970,3400,2725
6-Oct,1617.42,6005,3400,2760
6-Nov,1603.03,5505,3610,2890
6-Dec,1681.07,5550,3850,3210
7-Jan,1721.96,6275,4110,3380
7-Feb,1752.74,6635,4130,3520
7-Mar,1713.61,6765,4030,3390
7-Apr,1701,6950,3980,3360
7-May,1755.68,7110,4050,3060
7-Jun,1774.88,7385,3960,2915
7-Jul,1706.18,8060,3170,2645
7-Aug,1608.25,6905,3040,2705
7-Sep,1616.62,6965,2900,2625
7-Oct,1620.07,7325,2920,2590
7-Nov,1531.88,7075,3030,2850
7-Dec,1475.68,6630,2890,2605
8-Jan,1346.31,6335,2760,2660
8-Feb,1324.28,6110,2695,2560
8-Mar,1212.96,6060,2665,2480
8-Apr,1358.65,6625,2645,2475
8-May,1408.14,6360,2570,2325
8-Jun,1320.1,5545,2730,2485
8-Jul,1303.62,5655,2975,2515
8-Aug,1254.71,5735,3120,2680
8-Sep,1087.41,5250,2590,2350
8-Oct,867.12,5100,2770,2450
8-Nov,834.82,4800,2835,2585
8-Dec,859.24,4980,3000,2600
9-Jan,794.03,4775,2830,2485
9-Feb,756.71,4270,2775,2365
9-Mar,773.66,4160,2460,2140
9-Apr,837.79,3940,2310,2010
9-May,897.91,4245,2390,2070
9-Jun,929.76,4475,2480,2130
9-Jul,950.26,4290,2425,2115
9-Aug,965.73,4520,2425,2140
9-Sep,909.84,4125,2355,2170
9-Oct,894.67,4160,2225,1957
9-Nov,839.94,3955,2330,2150
9-Dec,907.59,3750,2335,2100
10-Jan,901.12,3740,2435,2059
10-Feb,894.1,3850,2439,2104
10-Mar,978.81,4305,2492,2142
10-Apr,987.04,4145,2357,2091
10-May,880.46,3630,2257,2086
10-Jun,841.42,3670,2411,2161
10-Jul,849.5,3605,2373,2094
10-Aug,804.67,3345,2446,2154
10-Sep,829.51,3385,2036,2027
10-Oct,810.91,3600,1925,2038
10-Nov,860.94,3695,1950,2013
10-Dec,898.8,3850,1983,2004
11-Jan,910.08,3790,1995,2030
11-Feb,951.27,3930,2114,2146
11-Mar,869.38,3680,466,1811
11-Apr,851.85,3740,425,1702
11-May,838.48,3620,317,1384
11-Jun,849.22,3695,326,1600
11-Jul,841.37,3520,425,1298
11-Aug,770.6,3435,386,1351
11-Sep,761.17,3465,240,1348
11-Oct,764.06,3360,286,1161
11-Nov,728.46,3315,284,1144
11-Dec,728.61,3315,183,1181
12-Jan,755.27,3285,209,1227
12-Feb,835.96,3580,225,1346
12-Mar,854.35,3755,208,1282
12-Apr,804.27,3395,200,1158
12-May,719.49,2860,158,1134
12-Jun,770.08,3010,154,955
12-Jul,736.31,2875,131,588
12-Aug,731.64,3105,131,584
12-Sep,737.42,3305,128,610
12-Oct,742.33,3430,130,614
12-Nov,781.46,3515,130,784
12-Dec,859.8,3640,206,907
13-Jan,940.25,3785,213,870
13-Feb,975.66,4050,210,800
13-Mar,1034.71,4590,255,928
13-Apr,1165.13,5120,430,1188
13-May,1135.78,4135,617,1204
13-Jun,1133.84,4135,513,1359
13-Jul,1131.7,3920,599,1200
13-Aug,1106.05,4040,500,1103
13-Sep,1194.1,4310,611,1260
13-Oct,1194.26,4310,523,1240
13-Nov,1258.66,4395,546,1163
13-Dec,1302.29,4390,517,1209
14-Jan,1220.64,4130,470,1110
14-Feb,1211.66,3925,474,1134
14-Mar,1202.89,4260,416,1059
14-Apr,1162.44,4160,386,856
14-May,1201.41,4220,413,939
14-Jun,1262.56,4605,422,955
14-Jul,1289.42,4725,405,950
14-Aug,1277.97,4575,376,951.7
14-Sep,1326.29,4555,384,1036.5
14-Oct,1333.64,4740,397,1089.5
14-Nov,1410.34,4990,434,1191
14-Dec,1407.51,5060,492,1148
15-Jan,1415.07,4970,502,1143
15-Feb,1523.85,5855,469,1073.5
15-Mar,1543.11,6295,455,1146.5
15-Apr,1592.79,6545,490,1207
15-May,1673.65,7110,709,1380.5
15-Jun,1630.4,7050,667,1355.5
15-Jul,1659.52,7315,890,1682
15-Aug,1537.05,6585,830,1513.5
15-Sep,1411.16,6055,797,1327
15-Oct,1558.2,6155,829,1558
15-Nov,1580.25,5735,754,1380
15-Dec,1547.3,5650,699,1459.5
16-Jan,1432.07,4610,600,1295.5
16-Feb,1297.85,3535,572,1240
16-Mar,1347.2,3670,619,996.7
16-Apr,1340.55,3740,590,977.2
16-May,1379.8,3660,521,1074
16-Jun,1245.82,3115,432,991.4
16-Jul,1322.74,3495,404,956.4
16-Aug,1329.54,3740,417,886.7
16-Sep,1322.78,3670,435,915.2
16-Oct,1393.02,3855,408,1004.5
16-Nov,1469.43,3965,425,1128
16-Dec,1518.61,4340,472,1278
17-Jan,1521.67,4425,433,1204.5
17-Feb,1535.32,4575,432,1245.5
17-Mar,1512.6,4055,436,1367
17-Apr,1531.8,4410,433,1507
17-May,1568.37,4675,454,1550.5
17-Jun,1611.9,5300,463,1547
17-Jul,1618.61,5290,468,1481
17-Aug,1617.41,5085,445,1540
17-Sep,1674.75,5720,454,1439.5
17-Oct,1765.96,5920,464,1547.5
17-Nov,1792.08,5720,450,1484
17-Dec,1817.56,5870,446,1380
18-Jan,1836.71,6110,442,1353.5
18-Feb,1768.24,5970,412,1305
18-Mar,1716.3,5940,410,1367
18-Apr,1777.23,6580,521,1530
18-May,1747.45,5700,517,1566
18-Jun,1730.89,5130,516,1616
18-Jul,1753.29,5410,534,1588
18-Aug,1735.35,5610,514,1592.5
18-Sep,1817.25,5930,558,1713
18-Oct,1646.12,5090,578,1730.5
18-Nov,1667.45,5460,689,1704
18-Dec,1494.09,4545,653,1650
19-Jan,1567.49,4625,669,1654
19-Feb,1607.66,4985,694,1665.5
19-Mar,1591.64,4630,700,1632
19-Apr,1617.93,4800,628,1345.5
19-May,1512.28,4250,558,1265.5
19-Jun,1551.14,4165,562,1234.5
19-Jul,1565.14,4235,525,1346
19-Aug,1511.86,3815,506,1292.5
19-Sep,1587.8,4225,529,1208.5
19-Oct,1667.01,4340,502,1264.5
19-Nov,1699.36,4515,480,1248
19-Dec,1721.36,4700,467,1264.5
20-Jan,1684.44,4450,435,1228
20-Feb,1510.87,3675,410,1164.5
20-Mar,1435.54,3440,377,1203.5
20-Apr,1464.03,3710,363,1135
20-May,1563.67,3870,363,1073.5
20-Jun,1558.77,3820,331,1045
20-Jul,1496.06,3865,280,1001.5
20-Aug,1618.18,4520,312,1044
20-Sep,1625.49,5070,289,1020
20-Oct,1610.93,4705,269,950.9
